j2ee,j2ee,j2ee,Krishnaveni,bai,krishnaveni123@gmail.com,9292956888,sai house,secunderabad,hyderabad,ts,15674,Indian
j2ee2,j2ee,j2ee,Krishnaveni2,bai2,krishnaveni123@gmail.com,9292956888,sai house,secunderabad,hyderabad,ts,15674,Indian
j2ee3,j2ee,j2ee,Krishnaveni3,bai3,krishnaveni123@gmail.com,9292956888,sai house,secunderabad,hyderabad,ts,15674,Indian
j2ee4,j2ee,j2ee,Krishnaveni4,bai4,krishnaveni123@gmail.com,9292956888,sai house,secunderabad,hyderabad,ts,15674,Indian
j2ee5,j2ee,j2ee,Krishnaveni5,bai5,krishnaveni123@gmail.com,9292956888,sai house,secunderabad,hyderabad,ts,15674,Indian
j2ee6,j2ee,j2ee,Krishnaveni6,bai6,krishnaveni123@gmail.com,9292956888,sai house,secunderabad,hyderabad,ts,15674,Indian
j2ee7,j2ee,j2ee,Krishnaveni7,bai7,krishnaveni123@gmail.com,9292956888,sai house,secunderabad,hyderabad,ts,15674,Indian
j2ee8,j2ee,j2ee,Krishnaveni8,bai8,krishnaveni123@gmail.com,9292956888,sai house,secunderabad,hyderabad,ts,15674,Indian
j2ee9,j2ee,j2ee,Krishnaveni9,bai9,krishnaveni123@gmail.com,9292956888,sai house,secunderabad,hyderabad,ts,15674,Indian
j2ee10,j2ee,j2ee,Krishnaveni10,bai10,krishnaveni123@gmail.com,9292956888,sai house,secunderabad,hyderabad,ts,15674,Indian
j2ee11,j2ee,j2ee,Krishnaveni11,bai11,krishnaveni123@gmail.com,9292956888,sai house,secunderabad,hyderabad,ts,15674,Indian
j2ee12,j2ee,j2ee,Krishnaveni12,bai12,krishnaveni123@gmail.com,9292956888,sai house,secunderabad,hyderabad,ts,15674,Indian
j2ee13,j2ee,j2ee,Krishnaveni13,bai13,krishnaveni123@gmail.com,9292956888,sai house,secunderabad,hyderabad,ts,15674,Indian
j2ee14,j2ee,j2ee,Krishnaveni14,bai14,krishnaveni123@gmail.com,9292956888,sai house,secunderabad,hyderabad,ts,15674,Indian
j2ee15,j2ee,j2ee,Krishnaveni15,bai15,krishnaveni123@gmail.com,9292956888,sai house,secunderabad,hyderabad,ts,15674,Indian
j2ee16,j2ee,j2ee,Krishnaveni16,bai16,krishnaveni123@gmail.com,9292956888,sai house,secunderabad,hyderabad,ts,15674,Indian
j2ee17,j2ee,j2ee,Krishnaveni17,bai17,krishnaveni123@gmail.com,9292956888,sai house,secunderabad,hyderabad,ts,15674,Indian
j2ee18,j2ee,j2ee,Krishnaveni18,bai18,krishnaveni123@gmail.com,9292956888,sai house,secunderabad,hyderabad,ts,15674,Indian
j2ee19,j2ee,j2ee,Krishnaveni19,bai19,krishnaveni123@gmail.com,9292956888,sai house,secunderabad,hyderabad,ts,15674,Indian
j2ee20,j2ee,j2ee,Krishnaveni20,bai20,krishnaveni123@gmail.com,9292956888,sai house,secunderabad,hyderabad,ts,15674,Indian
j2ee21,j2ee,j2ee,Krishnaveni21,bai21,krishnaveni123@gmail.com,9292956888,sai house,secunderabad,hyderabad,ts,15674,Indian
j2ee22,j2ee,j2ee,Krishnaveni22,bai22,krishnaveni123@gmail.com,9292956888,sai house,secunderabad,hyderabad,ts,15674,Indian
j2ee23,j2ee,j2ee,Krishnaveni23,bai23,krishnaveni123@gmail.com,9292956888,sai house,secunderabad,hyderabad,ts,15674,Indian
j2ee24,j2ee,j2ee,Krishnaveni24,bai24,krishnaveni123@gmail.com,9292956888,sai house,secunderabad,hyderabad,ts,15674,Indian
j2ee25,j2ee,j2ee,Krishnaveni25,bai25,krishnaveni123@gmail.com,9292956888,sai house,secunderabad,hyderabad,ts,15674,Indian
j2ee26,j2ee,j2ee,Krishnaveni26,bai26,krishnaveni123@gmail.com,9292956888,sai house,secunderabad,hyderabad,ts,15674,Indian
j2ee27,j2ee,j2ee,Krishnaveni27,bai27,krishnaveni123@gmail.com,9292956888,sai house,secunderabad,hyderabad,ts,15674,Indian
j2ee28,j2ee,j2ee,Krishnaveni28,bai28,krishnaveni123@gmail.com,9292956888,sai house,secunderabad,hyderabad,ts,15674,Indian
j2ee29,j2ee,j2ee,Krishnaveni29,bai29,krishnaveni123@gmail.com,9292956888,sai house,secunderabad,hyderabad,ts,15674,Indian
j2ee30,j2ee,j2ee,Krishnaveni30,bai30,krishnaveni123@gmail.com,9292956888,sai house,secunderabad,hyderabad,ts,15674,Indian
j2ee31,j2ee,j2ee,Krishnaveni31,bai31,krishnaveni123@gmail.com,9292956888,sai house,secunderabad,hyderabad,ts,15674,Indian
j2ee32,j2ee,j2ee,Krishnaveni32,bai32,krishnaveni123@gmail.com,9292956888,sai house,secunderabad,hyderabad,ts,15674,Indian
j2ee33,j2ee,j2ee,Krishnaveni33,bai33,krishnaveni123@gmail.com,9292956888,sai house,secunderabad,hyderabad,ts,15674,Indian
j2ee34,j2ee,j2ee,Krishnaveni34,bai34,krishnaveni123@gmail.com,9292956888,sai house,secunderabad,hyderabad,ts,15674,Indian
j2ee35,j2ee,j2ee,Krishnaveni35,bai35,krishnaveni123@gmail.com,9292956888,sai house,secunderabad,hyderabad,ts,15674,Indian
j2ee36,j2ee,j2ee,Krishnaveni36,bai36,krishnaveni123@gmail.com,9292956888,sai house,secunderabad,hyderabad,ts,15674,Indian
j2ee37,j2ee,j2ee,Krishnaveni37,bai37,krishnaveni123@gmail.com,9292956888,sai house,secunderabad,hyderabad,ts,15674,Indian
j2ee38,j2ee,j2ee,Krishnaveni38,bai38,krishnaveni123@gmail.com,9292956888,sai house,secunderabad,hyderabad,ts,15674,Indian
j2ee39,j2ee,j2ee,Krishnaveni39,bai39,krishnaveni123@gmail.com,9292956888,sai house,secunderabad,hyderabad,ts,15674,Indian
j2ee40,j2ee,j2ee,Krishnaveni40,bai40,krishnaveni123@gmail.com,9292956888,sai house,secunderabad,hyderabad,ts,15674,Indian
j2ee41,j2ee,j2ee,Krishnaveni41,bai41,krishnaveni123@gmail.com,9292956888,sai house,secunderabad,hyderabad,ts,15674,Indian
j2ee42,j2ee,j2ee,Krishnaveni42,bai42,krishnaveni123@gmail.com,9292956888,sai house,secunderabad,hyderabad,ts,15674,Indian
j2ee43,j2ee,j2ee,Krishnaveni43,bai43,krishnaveni123@gmail.com,9292956888,sai house,secunderabad,hyderabad,ts,15674,Indian
j2ee44,j2ee,j2ee,Krishnaveni44,bai44,krishnaveni123@gmail.com,9292956888,sai house,secunderabad,hyderabad,ts,15674,Indian
j2ee45,j2ee,j2ee,Krishnaveni45,bai45,krishnaveni123@gmail.com,9292956888,sai house,secunderabad,hyderabad,ts,15674,Indian
j2ee46,j2ee,j2ee,Krishnaveni46,bai46,krishnaveni123@gmail.com,9292956888,sai house,secunderabad,hyderabad,ts,15674,Indian
j2ee47,j2ee,j2ee,Krishnaveni47,bai47,krishnaveni123@gmail.com,9292956888,sai house,secunderabad,hyderabad,ts,15674,Indian
j2ee48,j2ee,j2ee,Krishnaveni48,bai48,krishnaveni123@gmail.com,9292956888,sai house,secunderabad,hyderabad,ts,15674,Indian
j2ee49,j2ee,j2ee,Krishnaveni49,bai49,krishnaveni123@gmail.com,9292956888,sai house,secunderabad,hyderabad,ts,15674,Indian
j2ee50,j2ee,j2ee,Krishnaveni50,bai50,krishnaveni123@gmail.com,9292956888,sai house,secunderabad,hyderabad,ts,15674,Indian
j2ee51,j2ee,j2ee,Krishnaveni51,bai51,krishnaveni123@gmail.com,9292956888,sai house,secunderabad,hyderabad,ts,15674,Indian
j2ee52,j2ee,j2ee,Krishnaveni52,bai52,krishnaveni123@gmail.com,9292956888,sai house,secunderabad,hyderabad,ts,15674,Indian
j2ee53,j2ee,j2ee,Krishnaveni53,bai53,krishnaveni123@gmail.com,9292956888,sai house,secunderabad,hyderabad,ts,15674,Indian
j2ee54,j2ee,j2ee,Krishnaveni54,bai54,krishnaveni123@gmail.com,9292956888,sai house,secunderabad,hyderabad,ts,15674,Indian
j2ee55,j2ee,j2ee,Krishnaveni55,bai55,krishnaveni123@gmail.com,9292956888,sai house,secunderabad,hyderabad,ts,15674,Indian
j2ee56,j2ee,j2ee,Krishnaveni56,bai56,krishnaveni123@gmail.com,9292956888,sai house,secunderabad,hyderabad,ts,15674,Indian
j2ee57,j2ee,j2ee,Krishnaveni57,bai57,krishnaveni123@gmail.com,9292956888,sai house,secunderabad,hyderabad,ts,15674,Indian
j2ee58,j2ee,j2ee,Krishnaveni58,bai58,krishnaveni123@gmail.com,9292956888,sai house,secunderabad,hyderabad,ts,15674,Indian
j2ee59,j2ee,j2ee,Krishnaveni59,bai59,krishnaveni123@gmail.com,9292956888,sai house,secunderabad,hyderabad,ts,15674,Indian
j2ee60,j2ee,j2ee,Krishnaveni60,bai60,krishnaveni123@gmail.com,9292956888,sai house,secunderabad,hyderabad,ts,15674,Indian
j2ee61,j2ee,j2ee,Krishnaveni61,bai61,krishnaveni123@gmail.com,9292956888,sai house,secunderabad,hyderabad,ts,15674,Indian
j2ee62,j2ee,j2ee,Krishnaveni62,bai62,krishnaveni123@gmail.com,9292956888,sai house,secunderabad,hyderabad,ts,15674,Indian
j2ee63,j2ee,j2ee,Krishnaveni63,bai63,krishnaveni123@gmail.com,9292956888,sai house,secunderabad,hyderabad,ts,15674,Indian
j2ee64,j2ee,j2ee,Krishnaveni64,bai64,krishnaveni123@gmail.com,9292956888,sai house,secunderabad,hyderabad,ts,15674,Indian
j2ee65,j2ee,j2ee,Krishnaveni65,bai65,krishnaveni123@gmail.com,9292956888,sai house,secunderabad,hyderabad,ts,15674,Indian
j2ee66,j2ee,j2ee,Krishnaveni66,bai66,krishnaveni123@gmail.com,9292956888,sai house,secunderabad,hyderabad,ts,15674,Indian
j2ee67,j2ee,j2ee,Krishnaveni67,bai67,krishnaveni123@gmail.com,9292956888,sai house,secunderabad,hyderabad,ts,15674,Indian
j2ee68,j2ee,j2ee,Krishnaveni68,bai68,krishnaveni123@gmail.com,9292956888,sai house,secunderabad,hyderabad,ts,15674,Indian
j2ee69,j2ee,j2ee,Krishnaveni69,bai69,krishnaveni123@gmail.com,9292956888,sai house,secunderabad,hyderabad,ts,15674,Indian
j2ee70,j2ee,j2ee,Krishnaveni70,bai70,krishnaveni123@gmail.com,9292956888,sai house,secunderabad,hyderabad,ts,15674,Indian
j2ee71,j2ee,j2ee,Krishnaveni71,bai71,krishnaveni123@gmail.com,9292956888,sai house,secunderabad,hyderabad,ts,15674,Indian
j2ee72,j2ee,j2ee,Krishnaveni72,bai72,krishnaveni123@gmail.com,9292956888,sai house,secunderabad,hyderabad,ts,15674,Indian
j2ee73,j2ee,j2ee,Krishnaveni73,bai73,krishnaveni123@gmail.com,9292956888,sai house,secunderabad,hyderabad,ts,15674,Indian
j2ee74,j2ee,j2ee,Krishnaveni74,bai74,krishnaveni123@gmail.com,9292956888,sai house,secunderabad,hyderabad,ts,15674,Indian
j2ee75,j2ee,j2ee,Krishnaveni75,bai75,krishnaveni123@gmail.com,9292956888,sai house,secunderabad,hyderabad,ts,15674,Indian
j2ee76,j2ee,j2ee,Krishnaveni76,bai76,krishnaveni123@gmail.com,9292956888,sai house,secunderabad,hyderabad,ts,15674,Indian
j2ee77,j2ee,j2ee,Krishnaveni77,bai77,krishnaveni123@gmail.com,9292956888,sai house,secunderabad,hyderabad,ts,15674,Indian
j2ee78,j2ee,j2ee,Krishnaveni78,bai78,krishnaveni123@gmail.com,9292956888,sai house,secunderabad,hyderabad,ts,15674,Indian
j2ee79,j2ee,j2ee,Krishnaveni79,bai79,krishnaveni123@gmail.com,9292956888,sai house,secunderabad,hyderabad,ts,15674,Indian
j2ee80,j2ee,j2ee,Krishnaveni80,bai80,krishnaveni123@gmail.com,9292956888,sai house,secunderabad,hyderabad,ts,15674,Indian
j2ee81,j2ee,j2ee,Krishnaveni81,bai81,krishnaveni123@gmail.com,9292956888,sai house,secunderabad,hyderabad,ts,15674,Indian
j2ee82,j2ee,j2ee,Krishnaveni82,bai82,krishnaveni123@gmail.com,9292956888,sai house,secunderabad,hyderabad,ts,15674,Indian
j2ee83,j2ee,j2ee,Krishnaveni83,bai83,krishnaveni123@gmail.com,9292956888,sai house,secunderabad,hyderabad,ts,15674,Indian
j2ee84,j2ee,j2ee,Krishnaveni84,bai84,krishnaveni123@gmail.com,9292956888,sai house,secunderabad,hyderabad,ts,15674,Indian
j2ee85,j2ee,j2ee,Krishnaveni85,bai85,krishnaveni123@gmail.com,9292956888,sai house,secunderabad,hyderabad,ts,15674,Indian
j2ee86,j2ee,j2ee,Krishnaveni86,bai86,krishnaveni123@gmail.com,9292956888,sai house,secunderabad,hyderabad,ts,15674,Indian
j2ee87,j2ee,j2ee,Krishnaveni87,bai87,krishnaveni123@gmail.com,9292956888,sai house,secunderabad,hyderabad,ts,15674,Indian
j2ee88,j2ee,j2ee,Krishnaveni88,bai88,krishnaveni123@gmail.com,9292956888,sai house,secunderabad,hyderabad,ts,15674,Indian
j2ee89,j2ee,j2ee,Krishnaveni89,bai89,krishnaveni123@gmail.com,9292956888,sai house,secunderabad,hyderabad,ts,15674,Indian
j2ee90,j2ee,j2ee,Krishnaveni90,bai90,krishnaveni123@gmail.com,9292956888,sai house,secunderabad,hyderabad,ts,15674,Indian
j2ee91,j2ee,j2ee,Krishnaveni91,bai91,krishnaveni123@gmail.com,9292956888,sai house,secunderabad,hyderabad,ts,15674,Indian
j2ee92,j2ee,j2ee,Krishnaveni92,bai92,krishnaveni123@gmail.com,9292956888,sai house,secunderabad,hyderabad,ts,15674,Indian
j2ee93,j2ee,j2ee,Krishnaveni93,bai93,krishnaveni123@gmail.com,9292956888,sai house,secunderabad,hyderabad,ts,15674,Indian
j2ee94,j2ee,j2ee,Krishnaveni94,bai94,krishnaveni123@gmail.com,9292956888,sai house,secunderabad,hyderabad,ts,15674,Indian
j2ee95,j2ee,j2ee,Krishnaveni95,bai95,krishnaveni123@gmail.com,9292956888,sai house,secunderabad,hyderabad,ts,15674,Indian
j2ee96,j2ee,j2ee,Krishnaveni96,bai96,krishnaveni123@gmail.com,9292956888,sai house,secunderabad,hyderabad,ts,15674,Indian
j2ee97,j2ee,j2ee,Krishnaveni97,bai97,krishnaveni123@gmail.com,9292956888,sai house,secunderabad,hyderabad,ts,15674,Indian
j2ee98,j2ee,j2ee,Krishnaveni98,bai98,krishnaveni123@gmail.com,9292956888,sai house,secunderabad,hyderabad,ts,15674,Indian
j2ee99,j2ee,j2ee,Krishnaveni99,bai99,krishnaveni123@gmail.com,9292956888,sai house,secunderabad,hyderabad,ts,15674,Indian
j2ee100,j2ee,j2ee,Krishnaveni100,bai100,krishnaveni123@gmail.com,9292956888,sai house,secunderabad,hyderabad,ts,15674,Indian
